customer_id,recency,frequency,monetary_value,gender
0,2,25033,119312.71993839741,M
1,2,8,29.199999809265137,M
2,5,21,90.34999990463257,M
3,7,31,188.89999973773956,M
4,5,9,28.750000059604645,M
5,2,6,23.5,M
6,10,12,44.05000001192093,M
7,3,11,54.5,M
8,5,13,61.19999980926514,M
9,5,12,54.24999988079071,M
10,2,12,46.90000009536743,M
11,3,10,37.15000009536743,M
12,4,10,37,M
13,9,6,25.950000047683716,M
14,2,14,41.60000014305115,M
15,10,17,65.5,M
16,5,13,72,M
17,12,2,6.199999809265137,M
18,10,10,37.950000047683716,M
19,7,8,35.799999952316284,M
20,4,9,41,M
21,2,5,21.75,M
22,2,24,118.8500000834465,M
23,5,9,34.799999952316284,M
24,6,13,56.10000002384186,M
25,3,14,65.19999980926514,M
26,12,22,94.65000009536743,M
27,4,5,15.599999904632568,M
28,4,20,128.04999995231628,M
29,2,7,33.700000047683716,M
30,10,12,40.450000047683716,M
31,2,8,34,M
32,5,8,29.850000143051147,M
33,3,13,72.34999966621399,M
34,4,15,85.22999978065491,M
35,7,15,66.24999952316284,M
36,6,6,32.25,M
37,4,10,47.59999990463257,M
38,2,12,51.75000011920929,M
39,10,15,107.40000009536743,M
40,4,14,72.09999966621399,M
41,10,14,58.09999990463257,M
42,10,13,62.550000071525574,M
43,2,10,42.15000009536743,M
44,9,11,43.25,M
45,4,6,66.85000014305115,M
46,6,13,56.549999952316284,M
47,4,10,49.19999980926514,M
48,5,15,65.35000002384186,M
49,5,8,32.15000009536743,M
50,18,12,47.40000009536743,M
51,9,10,37.90000009536743,M
52,4,12,56.14999985694885,M
53,4,17,76.20000004768372,M
54,2,12,51.24999958276749,M
55,5,11,48.049999713897705,M
56,2,7,30.19999986886978,M
57,2,11,48.5,M
58,5,15,73.55000007152557,M
59,5,10,38.85000002384186,M
60,4,15,81.60999989509583,M
61,13,7,37.59999990463257,M
62,10,10,44.84999942779541,M
63,2,10,39.450000047683716,M
64,7,15,63.84999966621399,M
65,2,16,95.90000081062317,M
66,12,13,60,M
67,3,11,53.94999980926514,M
68,18,7,38.5,M
69,7,16,76.15000009536743,M
70,4,15,69.99999952316284,M
71,21,9,53.14999985694885,M
72,3,9,31.25,M
73,2,9,43,M
74,4,10,45.00000011920929,M
75,3,11,47,M
76,5,11,47.549999833106995,M
77,5,4,17.40000009536743,M
78,4,5,25.700000047683716,M
79,21,5,22.25,M
80,4,15,61.449999928474426,M
81,2,21,84.44999986886978,M
82,3,13,64.25,M
83,9,12,50.950000047683716,M
84,12,10,51,M
85,8,6,20.59999990463257,M
86,2,7,32.69999980926514,M
87,2,13,49.19999980926514,M
88,10,11,41.44999980926514,M
89,6,8,34.44999980926514,M
90,18,16,64.59999996423721,M
91,20,8,38.049999952316284,M
92,3,11,49.25,M
93,11,4,20.5,M
94,3,11,53.34999990463257,M
95,5,12,51.94999980926514,M
96,5,7,26.200000047683716,M
97,3,5,25.15000009536743,M
98,5,17,77.54999995231628,M
99,4,12,61.950000047683716,M
100,2,18,83.80000007152557,M
101,8,18,73.30000001192093,M
102,8,8,34.5,M
103,10,5,22.5,M
104,11,6,27,M
105,3,13,67.44999980926514,M
106,2,5,22.450000047683716,M
107,5,13,53.950000047683716,M
108,2,9,41.90000009536743,M
109,6,11,49.40000009536743,M
110,5,7,34.94999980926514,M
111,3,12,49.300000071525574,M
112,10,10,43.34999990463257,M
113,3,11,46.75,M
114,2,12,47.700000047683716,M
115,5,18,80.75,M
116,3,13,65.34999990463257,M
117,2,18,77.89999973773956,M
118,12,12,61.89999973773956,M
119,2,13,66.39999961853027,M
120,5,12,56.75,M
121,4,9,47.89999961853027,M
122,22,9,37.60000014305115,M
123,25,3,15.599999904632568,M
124,7,9,47.700000047683716,M
125,10,11,47.35000038146973,M
126,8,8,39.5,M
127,5,9,44.64999985694885,M
128,6,11,51.19999980926514,M
129,5,6,29,M
130,8,14,95.49999982118607,M
131,5,13,60.14999961853027,M
132,8,7,38.84999990463257,M
133,6,11,50,M
134,18,10,45.200000047683716,M
135,10,16,104.59999966621399,M
136,2,12,63.30000019073486,M
137,27,5,19.25,M
138,2,12,45.69999980926514,M
139,2,5,21.80000001192093,M
140,3,8,38.200000047683716,M
141,5,23,89.85000026226044,M
142,2,8,27,M
143,3,10,49.799999713897705,M
144,19,6,30.30000001192093,M
145,2,16,72.90000009536743,M
146,7,7,26.450000047683716,M
147,10,6,20.40000009536743,M
148,10,9,31.449999809265137,M
149,5,12,51.80000019073486,M
150,12,6,22.25,M
151,8,13,44.40000009536743,M
152,4,8,34,M
153,26,3,17.5,M
154,21,12,54.949999928474426,M
155,5,8,39.200000047683716,M
156,2,12,64.90000009536743,M
157,6,13,54.84999990463257,M
158,2,19,69.44999980926514,M
159,11,9,40.44999980926514,M
160,6,10,47.25,M
161,3,5,20.40000009536743,M
162,6,13,56.75000011920929,M
163,3,6,26,M
164,6,8,33.549999833106995,M
165,23,4,16.09999990463257,M
166,5,12,46.5,M
167,3,15,68.5499997138977,M
168,8,16,58.750000059604645,M
169,4,13,53.049999952316284,M
170,4,10,70.75000143051147,M
171,3,7,34.25,M
172,5,13,51.85000014305115,M
173,9,12,64.25,M
174,8,15,64.55000019073486,M
175,2,10,42.59999990463257,M
176,6,14,73.44999980926514,M
177,3,7,30,M
178,5,11,38.299999713897705,M
179,6,13,52.299999952316284,M
180,3,14,62.10000014305115,M
181,2,9,39.14999961853027,M
182,3,10,46.44999980926514,M
183,3,11,42.25,M
184,8,10,50.15000009536743,M
185,9,6,22.99999976158142,M
186,3,16,63.84999990463257,M
187,20,5,23.649999618530273,M
188,23,8,45.75,M
189,2,15,75.90000009536743,M
190,18,11,42.549999833106995,M
191,8,12,48.74999976158142,M
192,11,19,80.94999992847443,M
193,6,12,55.700000047683716,M
194,6,15,73.84999990463257,M
195,9,11,40.25,M
196,3,9,35.050000071525574,M
197,10,11,43.749999821186066,M
198,2,7,40.55000001192093,M
199,5,12,37.450000047683716,M
200,4,12,49.5,M
201,8,8,35,M
202,10,18,73.14999985694885,M
203,7,9,49.44999980926514,M
204,3,9,53.5,M
205,9,12,62.44999980926514,M
206,4,12,47.34999990463257,M
207,11,3,13.5,M
208,5,16,59.89999973773956,M
209,10,15,62.25,M
210,5,11,46.59999990463257,M
211,3,10,42.69999980926514,M
212,8,11,45.049999713897705,M
213,5,11,48,M
214,10,19,106.19999980926514,M
215,8,18,85.05000019073486,M
216,5,17,75.04999995231628,M
217,8,5,23,M
218,19,10,69.15000009536743,M
219,4,6,31.100000143051147,M
220,2,8,25.25,M
221,3,18,81.19999992847443,M
222,5,9,46.94999980926514,M
223,5,10,46.5,M
224,2,16,70.59999990463257,M
225,4,3,10.299999952316284,M
226,22,7,32.299999952316284,M
227,13,9,28.09999990463257,M
228,5,5,21.75,M
229,2,12,60.80000019073486,M
230,2,13,49.75,M
231,6,8,36.74999976158142,M
232,6,6,25.34999990463257,M
233,8,6,27.299999713897705,M
234,4,7,34.90000009536743,M
235,2,10,31.299999952316284,M
236,5,10,36.299999952316284,M
237,3,13,50.14999961853027,M
238,4,9,34.75,M
239,14,9,42.65000009536743,M
240,2,11,40.89999985694885,M
241,6,11,56.09999990463257,M
242,6,14,62.299999952316284,M
243,3,9,30,M
244,20,9,53.5,M
245,3,7,20.700000047683716,M
246,8,12,57.09999990463257,M
247,2,16,74.65000009536743,M
248,3,13,47.35000002384186,M
249,14,16,54.44999980926514,M
250,4,11,43.59999990463257,M
251,2,14,60,M
252,4,11,57,M
253,2,10,43.450000047683716,M
254,5,9,34,M
255,6,8,38.69999980926514,M
256,3,5,21.15000009536743,M
257,8,9,30.449999809265137,M
258,6,8,37.549999952316284,M
259,9,8,40.34999990463257,M
260,14,9,33.799999952316284,M
261,13,5,19.5,M
262,3,6,32.5,M
263,2,13,54.24999976158142,M
264,4,9,40.15000009536743,M
265,11,10,68.04999995231628,M
266,5,5,15.599999904632568,M
267,5,12,64.5,M
268,22,8,32.69999980926514,M
269,3,13,57.09999990463257,M
270,8,6,32.25,M
271,7,9,35.34999990463257,M
272,3,20,80.70000004768372,M
273,20,10,34.15000021457672,M
274,2,11,48.59999990463257,M
275,3,7,35.25,M
276,7,16,63.199999928474426,M
277,9,7,23.84999990463257,M
278,6,13,57,M
279,9,13,52.75,M
280,3,13,69.75,M
281,3,14,58.5,M
282,4,11,42.20000010728836,M
283,5,10,42.44999980926514,M
284,9,9,35.30000019073486,M
285,5,13,47.049999952316284,M
286,5,13,59.85000002384186,M
287,13,6,18.200000047683716,M
288,3,11,50.09999990463257,M
289,10,11,49.799999833106995,M
290,7,5,27.200000047683716,M
291,2,12,49.44999957084656,M
292,25,4,17.09999990463257,M
293,11,7,28.450000047683716,M
294,3,11,52.19999980926514,M
295,12,9,33.80000001192093,M
296,6,5,20.5,M
297,7,7,35.5,M
298,11,8,32.34999990463257,M
299,9,8,36.5,M
300,6,12,49.59999990463257,M
301,8,16,58.59999990463257,F
302,5,13,60.69999980926514,F
303,14,5,20.75,F
304,8,9,45.90000009536743,F
305,5,12,56.94999980926514,F
306,19,12,78.00000059604645,F
307,2,13,52.5,F
308,14,7,25.15000009536743,F
309,3,7,32,F
310,5,7,30.75,F
311,3,14,51.34999990463257,F
312,7,8,30.149999856948853,F
313,3,15,68.34999990463257,F
314,5,10,46.049999833106995,F
315,2,12,52.40000009536743,F
316,19,7,29.34999990463257,F
317,4,16,70.5499997138977,F
318,4,12,51.049999713897705,F
319,11,26,102.75,F
320,5,23,93.34999990463257,F
321,2,13,53.34999990463257,F
322,4,14,65.95000004768372,F
323,6,15,55.200000047683716,F
324,6,9,39.450000047683716,F
325,7,14,62.34999966621399,F
326,6,11,52.64999961853027,F
327,7,12,53.14999985694885,F
328,5,21,110.95000004768372,F
329,3,15,70.34999990463257,F
330,4,14,57.75,F
331,7,10,45,F
332,7,9,51.90000009536743,F
333,4,8,27.449999809265137,F
334,10,6,19.5,F
335,10,16,55.15000009536743,F
336,3,12,53.25,F
337,5,9,33.950000047683716,F
338,2,17,74.69999980926514,F
339,29,2,12,F
340,3,13,59.799999952316284,F
341,2,13,48.09999990463257,F
342,4,16,117.45000004768372,F
343,8,7,31.75,F
344,2,15,68.25,F
345,14,7,26.350000143051147,F
346,2,11,41.94999980926514,F
347,2,17,58.450000047683716,F
348,24,2,12,F
349,29,2,11.5,F
350,6,11,43.84999990463257,F
351,5,8,47,F
352,2,12,48.549999713897705,F
353,6,8,33.35000014305115,F
354,10,8,33.450000047683716,F
355,7,17,69.55000001192093,F
356,2,12,59.34999942779541,F
357,5,6,24,F
358,5,9,36.84999966621399,F
359,28,1,5,F
360,7,8,34.25,F
361,2,17,76.40000009536743,F
362,14,6,25.699999809265137,F
363,3,6,22.549999952316284,F
364,6,9,39.549999952316284,F
365,3,4,16,F
366,9,5,18.700000047683716,F
367,10,7,23.700000047683716,F
368,8,13,46.65000009536743,F
369,3,7,33.65000009536743,F
370,20,12,54.40000009536743,F
371,26,9,35.299999952316284,F
372,2,7,24.450000047683716,F
373,19,5,17,F
374,7,10,41.15000009536743,F
375,11,6,28,F
376,2,7,32.75,F
377,3,10,48.25000023841858,F
378,2,15,56.50000011920929,F
379,4,12,43.59999990463257,F
380,15,5,19.65000009536743,F
381,4,18,74.35000026226044,F
382,12,10,38.34999990463257,F
383,4,10,42.75000011920929,F
384,7,18,77.85000002384186,F
385,3,3,9.5,F
386,4,9,30.25,F
387,2,10,44,F
388,7,17,108.10000014305115,F
389,10,8,31.40000009536743,F
390,7,10,44.799999952316284,F
391,8,10,45,F
392,6,14,66.94999980926514,F
393,10,9,49.30000019073486,F
394,6,9,77.5,F
395,12,14,55.09999966621399,F
396,2,20,85.54999953508377,F
397,7,3,12.150000095367432,F
398,2,11,49.549999713897705,F
399,4,8,36.75,F
400,4,12,69.60000014305115,F
401,5,8,33.09999990463257,F
402,13,6,32,F
403,4,17,65.55000001192093,F
404,4,10,36.200000047683716,F
405,5,4,17.5,F
406,7,17,75.10000014305115,F
407,2,10,46.5,F
408,4,15,79.04999995231628,F
409,12,16,68.3999999165535,F
410,4,22,86.30000019073486,F
411,5,9,39.10000014305115,F
412,7,5,17.5,F
413,21,6,35.34999990463257,F
414,2,10,51.75,F
415,20,5,21,F
416,7,9,45.94999980926514,F
417,7,6,23,F
418,10,11,61.1499999165535,F
419,6,5,24.199999809265137,F
420,4,24,111.64999985694885,F
421,4,7,24.450000047683716,F
422,8,7,28.949999809265137,F
423,7,9,39.299999713897705,F
424,4,13,50.550000071525574,F
425,3,10,48.75,F
426,5,9,36.55000019073486,F
427,27,1,4,F
428,2,16,78.70000004768372,F
429,8,16,69.15000009536743,F
430,2,19,77.00000023841858,F
431,3,9,39.700000047683716,F
432,3,21,95.35000014305115,F
433,5,9,44.200000047683716,F
434,2,10,37.700000047683716,F
435,4,12,76.85000014305115,F
436,4,7,33.44999980926514,F
437,3,20,86.50000005960464,F
438,3,15,64.95000010728836,F
439,2,8,37.75,F
440,5,18,66.20000010728836,F
441,2,11,41.05000001192093,F
442,4,5,22.5,F
443,2,5,25.699999809265137,F
444,2,13,69.09999990463257,F
445,9,3,15.75,F
446,2,17,81.89999985694885,F
447,2,14,71.30000019073486,F
448,4,14,59.59999990463257,F
449,3,11,44.65000009536743,F
450,6,8,43.549999713897705,F
451,2,6,28.699999809265137,F
452,3,6,28.450000047683716,F
453,13,9,38.34999990463257,F
454,23,7,25.25,F
455,3,4,16.25,F
456,3,18,73.30000007152557,F
457,19,5,17.75,F
458,9,7,28.450000047683716,F
459,8,9,38.44999980926514,F
460,25,4,15.25,F
461,4,13,95.5,F
462,5,6,23.549999952316284,F
463,15,11,43.55000019073486,F
464,10,8,28.199999809265137,F
465,4,14,66.65000009536743,F
466,2,10,36.15000009536743,F
467,5,8,38.40000009536743,F
468,3,5,16.850000023841858,F
469,2,11,42.5,F
470,5,5,24.5,F
471,21,7,26.59999990463257,F
472,2,13,51.299999952316284,F
473,11,13,54.700000047683716,F
474,25,6,25.09999990463257,F
475,12,9,35.34999990463257,F
476,2,18,71.0499997138977,F
477,2,16,87.00999975204468,F
478,10,4,26,F
479,2,10,49.50000023841858,F
480,11,9,38.19999980926514,F
481,10,15,72.24999982118607,F
482,2,10,51.450000047683716,F
483,10,11,32.90000009536743,F
484,4,5,24.84999990463257,F
485,5,12,43.84999966621399,F
486,4,7,31.25,F
487,8,8,32,F
488,18,5,15,F
489,9,7,20.850000023841858,F
490,19,11,56,F
491,7,11,67.70000004768372,F
492,7,6,26.5,F
493,6,17,84.45000004768372,F
494,2,6,25.09999990463257,F
495,6,13,56.69999980926514,F
496,10,8,35.299999952316284,F
497,3,12,59.200000047683716,F
498,11,8,35.450000047683716,F
499,9,4,20.59999990463257,F
500,2,18,78.39999985694885,F
501,2,9,44.5,F
502,3,14,51.40000009536743,F
503,2,20,101.89999985694885,F
504,5,11,47.549999713897705,F
505,8,6,31.59999990463257,F
506,9,7,41.799999713897705,F
507,5,14,71.62999987602234,F
508,4,12,42.85000020265579,F
509,6,9,32.90000009536743,F
510,7,12,37,F
511,2,9,51.25,F
512,7,9,38.25,F
513,2,8,29.950000047683716,F
514,3,10,43.49999976158142,F
515,7,11,39.5,F
516,6,8,31.59999990463257,F
517,2,8,41,F
518,18,7,39.700000047683716,F
519,7,5,21.75,F
520,2,9,54.75,F
521,4,8,30.15000009536743,F
522,7,6,22.25,F
523,12,11,55,F
524,8,6,23.350000023841858,F
525,3,11,44.25,F
526,11,12,95.19999980926514,F
527,5,12,43.30000019073486,F
528,22,6,22.25,F
529,7,7,32.64999973773956,F
530,7,8,37.5,F
531,9,13,55.799999833106995,F
532,7,7,37.65000009536743,F
533,6,13,66.34999990463257,F
534,5,14,61.34999990463257,F
535,7,3,8.049999952316284,F
536,5,15,65.14999985694885,F
537,6,10,39.900000154972076,F
538,3,10,40.59999990463257,F
539,2,14,51.39999985694885,F
540,6,6,33.62999987602234,F
541,2,17,94.64999997615814,F
542,8,10,57.34999990463257,F
543,15,6,25.549999952316284,F
544,6,11,41.450000047683716,F
545,6,9,33.950000047683716,F
546,3,13,51.69999980926514,F
547,4,18,69.55000001192093,F
548,3,31,115.44999980926514,F
549,3,22,93.35000002384186,F
550,3,13,46.450000047683716,F
551,4,10,43,F
552,10,11,45.950000047683716,F
553,10,10,46.25,F
554,3,12,43.650000154972076,F
555,10,9,37.59999990463257,F
556,2,17,75.05000007152557,F
557,4,15,74.69999980926514,F
558,3,18,73.40000009536743,F
559,4,7,35.049999713897705,F
560,15,11,49.5,F
561,13,12,55.84999990463257,F
562,6,6,32.25,F
563,3,16,77.10000002384186,F
564,3,14,50.39999985694885,F
565,20,11,45.40000009536743,F
566,2,11,58.19999980926514,F
567,3,13,53.549999713897705,F
568,4,7,27.5,F
569,23,6,30.75,F
570,10,9,38.59999990463257,F
571,19,7,34.5,F
572,3,12,44.699999928474426,F
573,3,14,76.25,F
574,2,19,76.69999980926514,F
575,5,7,29.200000047683716,F
576,5,4,22,F
577,6,13,61.75,F
578,10,7,26.40000009536743,F
579,4,19,77.10000014305115,F
580,5,12,51.700000047683716,F
581,2,14,93.75,F
582,6,3,9.75,F
583,23,5,20.700000047683716,F
584,4,12,48.549999952316284,F
585,9,8,34.299999952316284,F
586,3,15,58.75,F
587,6,11,55.700000047683716,F
588,11,5,19.100000023841858,F
589,3,13,50.34999990463257,F
590,10,8,32.09999990463257,F
591,2,17,68.75,F
592,4,10,48.60000002384186,F
593,5,5,29.700000047683716,F
594,5,7,30.399999856948853,F
595,6,9,39,F
596,3,11,48.44999980926514,F
597,3,14,71.24999964237213,F
598,3,19,93.5499997138977,F
599,3,19,106.09999978542328,F
600,5,5,24.25,F
601,2,18,77.95000004768372,F
602,8,14,55.200000047683716,F
603,10,11,60.34999990463257,F
604,2,5,15.700000047683716,F
605,21,8,34.17999982833862,F
606,5,8,43.89999985694885,F
607,6,14,54.60000014305115,F
608,5,25,107.69999980926514,F
609,24,2,5.5,F
610,10,21,99.84999996423721,F
611,4,7,32.59999990463257,F
612,6,17,79.20000004768372,F
613,18,9,46.75,F
614,21,4,21.75,F
615,5,9,31.15000009536743,F
616,3,11,47.25,F
617,3,11,36.200000047683716,F
618,2,6,23.700000047683716,F
619,4,7,31.25,F
620,9,6,26.75,F
621,5,12,50.60000014305115,F
622,4,9,41.34999990463257,F
623,24,2,8,F
624,5,14,53.05000019073486,F
625,3,12,58.69999980926514,F
626,4,7,32,F
627,2,13,62.39999961853027,F
628,6,13,63.5,F
629,5,12,44.450000047683716,F
630,28,3,12.150000095367432,F
631,2,10,48.450000047683716,F
632,3,9,40.89999961853027,F
633,2,10,33.95000010728836,F
634,5,19,95,F
635,7,5,19.25,F
636,2,10,47.09999990463257,F
637,18,10,51.59999990463257,F
638,7,6,22.15000009536743,F
639,7,9,40.5,F
640,2,12,54.19999980926514,F
641,11,14,60.09999990463257,F
642,5,15,75.75,F
643,3,15,93.64999961853027,F
644,5,7,30.899999856948853,F
645,4,10,43.25,F
646,4,11,40.50000011920929,F
647,3,8,34.40000009536743,F
648,7,14,90.5500009059906,F
649,4,11,78,F
650,2,13,46.60000014305115,F
651,5,16,69.19999980926514,F
652,9,16,56.35000002384186,F
653,3,12,106.59999990463257,F
654,5,5,16.200000047683716,F
655,2,13,54.09999990463257,F
656,4,10,55.74999976158142,F
657,9,8,39.34999990463257,F
658,3,8,36.65000009536743,F
659,2,17,75.25,F
660,11,7,28.199999809265137,F
661,2,20,72.09999990463257,F
662,3,10,43.450000047683716,F
663,5,15,68.34999990463257,F
664,3,19,102.14999961853027,F
665,8,12,71.59999990463257,F
666,9,10,38.15000009536743,F
667,3,8,41.799999713897705,F
668,4,8,34.69999980926514,F
669,7,15,62.299999713897705,F
670,5,12,67.69999980926514,F
671,2,6,26.75,F
672,4,9,33.74999976158142,F
673,2,5,26.09999990463257,F
674,3,17,72.20000004768372,F
675,22,7,21.700000047683716,F
676,3,20,76.39999985694885,F
677,5,9,42.84999990463257,F
678,9,14,66.10000014305115,F
679,7,9,43.299999833106995,F
680,2,8,32.90000009536743,F
681,7,13,53.39999961853027,F
682,5,3,9.300000011920929,F
683,3,13,59.54999977350235,F
684,3,14,65.40000009536743,F
685,6,12,50,F
686,4,17,88.89999961853027,F
687,2,24,115.19999992847443,F
688,19,13,70.64999997615814,F
689,4,13,57.25,F
690,7,5,24.5,F
691,3,12,40.60000020265579,F
692,9,12,54.75,F
693,19,13,55,F
694,4,9,38.84999990463257,F
695,11,19,70.4500002861023,F
696,25,6,29.75,F
697,3,20,91.34999990463257,F
698,3,13,54.5,F
699,6,10,39.700000047683716,F
700,18,7,29,F
701,12,12,39.75000011920929,N
702,2,11,44.09999990463257,N
703,4,16,78,N
704,4,17,82.20000004768372,N
705,7,6,23.5,N
706,6,10,39,N
707,5,22,103.65000009536743,N
708,8,10,37.59999996423721,N
709,7,15,77.65000009536743,N
710,2,15,74.95000004768372,N
711,6,9,42.950000047683716,N
712,9,9,52.25,N
713,26,4,15.75,N
714,4,10,36,N
715,2,9,38.950000047683716,N
716,9,9,37.25,N
717,11,6,23.65000009536743,N
718,3,10,45.89999961853027,N
719,3,11,67.29999947547913,N
720,6,11,37.44999986886978,N
721,20,6,21.200000047683716,N
722,2,11,48.34999990463257,N
723,9,11,51.950000047683716,N
724,5,10,45.75,N
725,2,11,63.14999961853027,N
726,18,12,53.89999961853027,N
727,3,18,74.44999957084656,N
728,7,15,65.45000004768372,N
729,2,15,59.15000009536743,N
730,3,10,48.40000009536743,N
731,3,15,65.29999995231628,N
732,7,12,60.34999990463257,N
733,3,9,41.14999985694885,N
734,3,16,71.85000014305115,N
735,5,18,79.70000010728836,N
736,5,12,62.59999990463257,N
737,2,9,36.950000047683716,N
738,8,9,43.65000009536743,N
739,3,6,26,N
740,2,6,31.59999990463257,N
741,6,3,14.5,N
742,8,8,27.80000001192093,N
743,2,15,59.89999985694885,N
744,2,9,40.25,N
745,6,11,45.84999990463257,N
746,10,16,81.64999985694885,N
747,10,9,35,N
748,3,16,78.64999985694885,N
749,11,6,25.5,N
750,7,5,20,N
751,13,14,70.5,N
752,5,6,23.450000047683716,N
753,6,15,58.450000047683716,N
754,6,7,52.40000009536743,N
755,2,6,26.40000009536743,N
756,2,14,60.89999985694885,N
757,14,10,36.299999952316284,N
758,20,11,48.299999952316284,N
759,5,7,26.5,N
760,2,10,35.60000014305115,N
761,4,5,24.40000009536743,N
762,4,16,64.5,N
763,9,15,66,N
764,10,12,45.799999952316284,N
765,8,12,59.89999985694885,N
766,20,5,23.299999952316284,N
767,8,20,101.799999833107,N
768,2,12,62.94999980926514,N
769,4,16,69.25,N
770,3,7,27.75,N
771,3,9,35.25,N
772,2,10,41.05000019073486,N
773,2,15,72.25,N
774,5,11,43.34999990463257,N
775,10,8,34.200000047683716,N
776,5,16,68.89999985694885,N
777,3,12,71.25,N
778,7,10,45.299999952316284,N
779,2,15,55.200000047683716,N
780,4,6,26.299999952316284,N
781,24,10,49.75,N
782,11,6,22.950000047683716,N
783,5,5,21.199999809265137,N
784,11,9,40.30000001192093,N
785,2,12,53.200000047683716,N
786,10,7,35,N
787,5,7,28.75,N
788,7,7,38.59999990463257,N
789,2,10,53.19999980926514,N
790,8,11,63.89999961853027,N
791,19,8,40.99999976158142,N
792,11,4,12,N
793,9,8,34.00000023841858,N
794,7,16,66.99999976158142,N
795,10,16,79.99999988079071,N
796,5,13,70.79999995231628,N
797,4,8,33.25,N
798,6,13,65.59999990463257,N
799,7,9,42.25000011920929,N
800,2,9,43.200000047683716,N
5000,3,4,21,M
5001,2,9,39.200000047683716,N
5002,2,11,46.949999928474426,N
5003,2,8,39.25,N
5004,18,8,35.40000009536743,F
5005,3,10,43.150000154972076,N
5006,2,11,47.5,N
5007,5,7,26.30000001192093,N
5008,3,4,19,F
5009,4,14,63.95000010728836,M
5010,2,8,39.10000002384186,M
5011,3,7,19.25,F
5012,5,11,66.99999982118607,F
5013,2,9,44.15000009536743,N
5014,3,8,50.15000009536743,M
5015,2,8,36.10000014305115,F
5016,19,8,29.90000009536743,N
5017,3,10,35.549999833106995,N
5018,18,4,17.5,F
5019,10,3,13.5,N
5020,8,15,63.499999821186066,M
5021,5,8,38,F
5022,3,5,18.649999856948853,N
5023,2,12,48.30000019073486,M
5024,3,2,7.099999904632568,N
5025,6,13,55.90000009536743,N
5026,6,22,168.74999982118607,M
5027,21,5,63.5,F
5028,2,7,27.850000023841858,N
5029,2,9,44.049999952316284,M
5030,3,11,42.75,F
5031,13,5,19,N
5032,10,13,51.450000047683716,F
5033,2,22,141.44999992847443,F
5034,2,4,15.5,F
5035,2,14,62.40000009536743,N
5036,14,8,32.34999990463257,M
5037,3,5,20.59999990463257,F
5038,15,9,42,M
5039,5,11,57.950000047683716,M
5040,2,17,81.14999961853027,N
5041,5,3,13.900000095367432,M
5042,2,9,42.35000014305115,N
5043,4,7,32.19999980926514,M
5044,2,8,40.5,F
5045,2,12,42.84999990463257,M
5046,5,12,50.35000002384186,N
5047,3,5,16.700000047683716,M
5048,8,10,47.44999980926514,N
5049,4,10,72,N
5050,3,5,14.75,F
5051,2,5,21.25,N
5052,2,9,29.800000071525574,F
5053,2,7,27.450000047683716,F
5054,7,9,34.8500000834465,N
5055,15,15,59.700000047683716,F
5056,3,11,52.35000002384186,M
5057,7,15,66.39999997615814,N
5058,3,9,61.200000047683716,M
5059,2,7,28.5,F
5060,2,9,40.85000002384186,F
5061,18,9,36.75,F
5062,5,14,68.94999992847443,F
5063,2,6,29.549999952316284,N
5064,2,10,42.84999990463257,M
5065,2,9,35.39999997615814,F
5066,6,5,38.25,M
5067,2,6,27.90000009536743,N
5068,3,10,55.85000002384186,F
5069,3,9,43.10000014305115,M
5070,7,14,51.549999952316284,F
5071,2,20,91.7999997138977,M
5072,5,9,58.00000011920929,N
5073,2,8,44.90000009536743,F
5074,3,9,38.60000002384186,F
5075,4,10,38.5,N
5076,30,1,7.5,F
5077,6,12,41.40000009536743,N
5078,14,8,33.94999980926514,N
5079,3,7,33.39999985694885,F
5080,13,5,33.15000009536743,M
5081,2,11,69.25,N
5082,3,13,54.35000002384186,M
5083,3,17,77.99999976158142,N
5084,2,23,108.70000010728836,N
5085,3,12,62.75,M
5086,5,10,40.10000020265579,F
5087,6,8,35.549999713897705,F
5088,15,9,40.90000009536743,F
5089,6,7,25.59999990463257,F
5090,2,13,52.95999991893768,M
5091,2,20,131.39999997615814,N
5092,2,11,39.750000059604645,F
5093,3,10,43.299999952316284,M
5094,3,8,30.149999856948853,M
5095,3,12,50.799999952316284,M
5096,4,14,48.849999725818634,F
5097,2,17,78.6499999165535,N
5098,4,6,36.69999980926514,F
5099,11,5,25.25,F
5100,4,16,81.799999833107,M
5101,19,6,34.69999980926514,F
5102,10,8,34.75,N
5103,2,7,27.25,M
5104,10,6,24.45000010728836,M
5105,2,6,27.450000047683716,F
5106,2,16,78.34999990463257,F
5107,4,8,34.65000009536743,M
5108,3,11,56.6499999165535,N
5109,2,9,38.40000009536743,F
5110,3,9,36.84999990463257,N
5111,4,11,43.34999978542328,N
5112,3,11,64.45999956130981,M
5113,2,7,24.100000143051147,N
5114,15,9,44.400000631809235,N
5115,9,15,54.84999996423721,N
5116,3,11,46.000000059604645,M
5117,10,4,20.65000009536743,N
5118,15,4,19.5,F
5119,6,11,42.5,N
5120,8,12,50.109999895095825,N
5121,3,7,27.25,F
5122,3,8,48.25,F
5123,2,11,47.25,F
5124,4,12,71.34999996423721,M
5125,13,8,67.90000009536743,N
5126,13,7,34.5,F
5127,3,8,37,F
5128,19,7,31.15000009536743,N
5129,19,10,40.75,N
5130,3,8,64.34999990463257,N
5131,10,4,14.599999904632568,M
5132,4,13,44.20000010728836,M
5133,18,3,17.5,N
5134,3,10,44.700000286102295,M
5135,3,8,37.10000014305115,F
5136,6,9,42.24999952316284,M
5137,2,10,38.5,F
5138,18,8,35.10000002384186,M
5139,3,10,32.00000023841858,N
5140,2,6,26.450000047683716,N
5141,2,11,42.200000047683716,N
5142,2,6,25.75,N
5143,12,6,26.50000011920929,M
5144,10,13,63.46000003814697,F
5145,2,14,66.2999997138977,F
5146,9,11,54.1499999165535,N
5147,26,1,3,M
5148,12,4,22,F
5149,3,6,24.09999990463257,F
5150,4,8,60.5,M
5151,4,9,40.699999928474426,N
5152,3,8,31.200000047683716,M
5153,20,4,22,F
5154,10,10,47,N
5155,17,7,24.399999856948853,N
5156,4,5,16,M
5157,2,12,53.10000014305115,M
5158,2,11,52.05000001192093,N
5159,3,12,48.6499999165535,M
5160,25,6,24.34999990463257,F
5161,3,7,24.899999916553497,N
5162,7,10,44.799999952316284,F
5163,2,17,69.85000014305115,N
5164,3,13,66.14999985694885,N
5165,2,8,29.84999990463257,M
5166,3,13,60.09999990463257,M
5167,2,9,41.34999990463257,N
5168,2,10,38.60000014305115,N
5169,2,11,45.75,F
5170,2,7,30.74999988079071,F
5171,3,14,65.74999982118607,F
5172,4,4,22.34999990463257,F
5173,5,5,27.09999990463257,M
5174,2,14,66.75000005960464,N
5175,3,5,24.75,M
5176,8,11,51.45000010728836,N
5177,19,10,31.700000047683716,F
5178,2,10,46.69999980926514,N
5179,3,7,42.90000009536743,M
5180,3,10,41.55000019073486,N
5181,15,10,46,M
5182,5,13,52.35000014305115,F
5183,15,6,27.149999916553497,F
5184,18,8,37.10000014305115,M
5185,8,9,34.90000009536743,F
5186,2,7,31.25,F
5187,2,14,64.29999995231628,F
5188,20,2,10.5,F
5189,2,7,30.199999809265137,F
5190,2,10,45.94000005722046,M
5191,3,7,38,N
5192,7,9,50.40000009536743,N
5193,2,9,43.94999980926514,F
5194,3,5,18.5,N
5195,7,10,43.5,F
5196,3,14,74.19000005722046,N
5197,3,9,27.649999618530273,M
5198,5,9,42.25,F
5199,5,10,48,N
5200,2,6,28.30000001192093,M
5201,8,14,62.90000009536743,N
5202,25,4,20.5,N
5203,3,16,69.00000011920929,M
5204,10,11,47.53000020980835,F
5205,2,12,58,N
5206,19,3,17,F
5207,20,8,43.96000003814697,F
5208,3,12,57.70000010728836,M
5209,8,11,47.800000071525574,M
5210,3,10,52.09999990463257,N
5211,2,11,37.75,N
5212,2,6,23.09999990463257,F
5213,3,13,74.00000011920929,F
5214,9,4,20,M
5215,16,4,21,N
5216,2,7,38.25,F
5217,11,3,21.84999990463257,M
5218,2,12,52.90000003576279,F
5219,4,6,33.5,F
5220,3,11,57.09999990463257,F
5221,5,7,34.55000019073486,N
5222,3,15,61.3500000834465,N
5223,2,8,49.75,N
5224,2,13,55.20000010728836,F
5225,2,16,70.950000166893,N
5226,2,9,27.299999952316284,N
5227,4,9,49.700000047683716,F
5228,3,21,104.05000001192093,F
5229,18,14,58.09999966621399,F
5230,20,7,32.90000009536743,N
5231,2,7,32.75,N
5232,3,13,55.800000071525574,N
5233,7,14,70.80000001192093,N
5234,12,6,25.049999833106995,M
5235,5,6,21.40000009536743,M
5236,12,10,40.15000021457672,N
5237,8,7,34.80000019073486,M
5238,7,10,53.6999996304512,N
5239,2,6,22.949999809265137,N
5240,2,7,39.35000002384186,N
5241,3,3,14.75,F
5242,2,8,44.19999980926514,N
5243,18,8,30.5,N
5244,2,12,77.6499999165535,F
5245,12,15,61.09999978542328,M
5246,2,9,43.46000003814697,M
5247,18,9,39.19999980926514,N
5248,13,4,14.460000038146973,M
5249,3,10,43.75,N
5250,3,5,28.90000009536743,M
5251,2,4,21.34999990463257,M
5252,2,7,26,M
5253,7,6,27.200000047683716,M
5254,3,6,24.75,F
5255,3,7,33.75,M
5256,2,8,34.44999980926514,N
5257,5,12,73.99999952316284,N
5258,2,6,22.84999990463257,N
5259,6,11,48.549999952316284,F
5260,17,5,20.700000047683716,F
5261,6,9,40.70000010728836,M
5262,3,14,62.64999985694885,F
5263,3,7,38.75,F
5264,23,5,25.25,F
5265,2,15,61.59999990463257,N
5266,3,8,35.950000047683716,M
5267,2,9,38.75,N
5268,4,11,45.60000002384186,F
5269,6,10,38.55000019073486,N
5270,2,11,46.40000009536743,N
5271,11,9,44.949999928474426,F
5272,8,13,62.94999986886978,N
5273,7,8,31.049999713897705,F
5274,2,14,69.85000020265579,M
5275,9,7,40.44999980926514,F
5276,2,6,23.59999990463257,M
5277,6,10,50.700000166893005,N
5278,20,8,37.19999980926514,F
5279,4,12,59.74999988079071,N
5280,3,5,27.5,F
5281,2,14,68.95000004768372,N
5282,15,9,40.5,M
5283,3,12,52.10000014305115,M
5284,3,10,51.700000047683716,F
5285,25,7,27.49999976158142,F
5286,2,13,66.09999990463257,M
5287,16,9,36.15000009536743,N
5288,2,8,37.28999996185303,M
5289,2,10,42.69999980926514,M
5290,7,12,55.64999985694885,N
5291,8,9,36.800000071525574,F
5292,6,9,34.25,F
5293,3,7,42.40000009536743,M
5294,2,7,43.10000002384186,F
5295,9,8,31.199999809265137,N
5296,6,9,32.950000047683716,M
5297,3,5,22.84999990463257,F
5298,4,15,69.84999990463257,M
5299,19,4,19.75,F
5300,11,7,27.450000047683716,N
5301,2,17,82.700000166893,M
5302,2,8,40.64999985694885,M
5303,3,14,78.40000021457672,F
5304,2,15,65.60000026226044,F
5305,7,9,32.700000047683716,F
5306,2,11,44,N
5307,4,8,41.19999980926514,M
5308,7,7,29.05000001192093,M
5309,9,6,32.34999990463257,F
5310,2,9,51.09999990463257,M
5311,3,9,36.10000002384186,N
5312,9,5,16.55000001192093,F
5313,22,7,35.25,M
5314,13,9,63.70000076293945,N
5315,16,11,52.44999980926514,N
5316,3,5,27.350000023841858,F
5317,5,7,31.850000143051147,N
5318,7,14,62.90000009536743,N
5319,3,7,41,N
5320,7,10,48.75,N
5321,2,11,45.3999999165535,F
5322,2,17,57.95000010728836,M
5323,7,9,49.049999833106995,F
5324,2,4,18.40000009536743,M
5325,26,6,24.40000009536743,N
5326,2,12,40.35000002384186,N
5327,4,9,58.050000071525574,F
5328,2,10,47.94999957084656,N
5329,11,9,40.94999980926514,M
5330,2,8,25.999999821186066,M
5331,2,16,64.59999996423721,F
5332,2,15,63.05000001192093,N
5333,3,8,33.35000014305115,N
5334,3,8,36.200000047683716,M
5335,8,8,42.75,N
5336,13,4,21,M
5337,2,7,24.75,N
5338,3,6,27.050000190734863,F
5339,14,8,51.19999986886978,N
5340,4,7,29.200000047683716,N
5341,3,8,43.5,N
5342,2,9,32.25,F
5343,2,6,25,M
5344,4,9,43.049999833106995,F
5345,3,10,54.05000001192093,F
5346,2,3,17.449999809265137,N
5347,2,19,83.39000010490417,F
5348,14,11,40.10000002384186,M
5349,2,11,46.950000047683716,M
5350,2,6,25.59999990463257,N
5351,2,7,29,F
5352,2,14,54.80000019073486,N
5353,6,6,24.99999976158142,N
5354,4,14,93.8999993801117,F
5355,2,14,50.40000003576279,M
5356,2,7,35.25,N
5357,7,7,24.450000047683716,N
5358,7,6,21.200000047683716,F
5359,2,14,64.30000001192093,N
5360,2,9,38.5,F
5361,2,10,42.10000014305115,M
5362,6,10,39.90000003576279,N
5363,2,7,23.950000047683716,M
5364,2,7,28.800000071525574,F
5365,27,2,14.599999904632568,F
5366,18,4,17.09999990463257,N
5367,7,7,37.60000014305115,N
5368,7,12,48.5,M
5369,27,2,11,M
5370,9,6,23.600000023841858,N
5371,8,7,48.75,N
5372,6,13,53.80000001192093,N
5373,3,8,34.64999997615814,M
5374,2,6,25.70000010728836,F
5375,2,12,57.25000011920929,F
5376,18,14,54.50000023841858,M
5377,2,6,29.950000047683716,F
5378,2,10,45.049999952316284,N
5379,3,10,43.15000003576279,F
5380,5,9,49.55000013113022,M
5381,2,6,24.350000143051147,F
5382,2,9,37.90000009536743,N
5383,2,12,51.85000002384186,N
5384,4,13,57.799999952316284,F
5385,5,6,28.450000047683716,M
5386,3,9,43.35000014305115,M
5387,2,10,65.25,F
5388,10,14,62.999999821186066,N
5389,2,13,62.85000014305115,F
5390,2,8,33,F
5391,3,11,53.250000059604645,F
5392,3,12,54.84999978542328,M
5393,3,15,85.20000076293945,F
5394,14,3,18.5,N
5395,2,7,32.950000047683716,F
5396,15,8,31.75,F
5397,10,7,37,N
5398,6,7,40,F
5399,3,11,54.10000002384186,M
5400,5,8,48.950000047683716,M
5401,12,8,34.84999990463257,N
5402,2,10,46.05000001192093,M
5403,3,10,46.15000009536743,N
5404,3,4,24,F
5405,5,15,63.299999833106995,F
5406,18,8,30.250000059604645,N
5407,3,4,12.25,F
5408,2,15,70.10000002384186,N
5409,2,6,25.5,F
5410,2,14,56.15000009536743,F
5411,4,5,17.850000023841858,M
5412,3,15,77.75,F
5413,6,3,16.09999990463257,M
5414,3,15,81.39999973773956,F
5415,14,9,43.639999866485596,M
5416,3,12,59.799999833106995,F
5417,3,14,70.89999997615814,F
5418,2,10,33.75,M
5419,3,17,94.17999982833862,F
5420,3,6,31,N
5421,3,7,36.09999990463257,N
5422,3,11,51.94999998807907,F
5423,22,5,18.100000023841858,F
5424,6,15,55.799999594688416,F
5425,3,14,69.95000004768372,M
5426,9,10,45.30000013113022,F
5427,3,9,42.5,F
5428,2,5,18.649999856948853,M
5429,2,10,49.5,F
5430,3,10,39.24999976158142,N
5431,4,17,80.39999997615814,N
5432,2,9,42.35000002384186,N
5433,3,16,68.50000011920929,N
5434,3,9,43.549999833106995,N
5435,3,12,55.39999997615814,F
5436,4,3,13,N
5437,4,13,59.250000059604645,N
5438,10,13,60.900000154972076,F
5439,16,7,36.75,F
5440,3,11,43.95000010728836,M
5441,3,9,41.09999990463257,F
5442,3,7,39,N
5443,7,8,45.34999990463257,F
5444,9,4,21.149999856948853,N
5445,25,5,23.75,N
5446,2,9,42.25,N
5447,5,13,52.89999985694885,N
5448,13,7,25.799999952316284,N
5449,2,7,31.70000010728836,F
5450,2,6,22.5,M
5451,6,13,53.300000071525574,F
5452,2,12,61.25,F
5453,2,12,42.699999928474426,M
5454,2,6,27.299999952316284,N
5455,7,9,79.69999980926514,F
5456,4,10,36.85000002384186,N
5457,26,3,12.350000143051147,M
5458,18,8,37.549999713897705,F
5459,8,8,40.65000009536743,F
5460,3,5,23.59999990463257,M
5461,3,8,30.55000001192093,M
5462,3,8,36.5,F
5463,3,8,39.59999990463257,F
5464,7,14,59.5,N
5465,2,10,56.65000003576279,F
5466,2,7,27.75,F
5467,4,11,45.50000011920929,M
5468,2,12,64.35000002384186,F
5469,2,12,54.9499996304512,F
5470,12,6,24.200000047683716,F
5471,10,16,61.999999821186066,N
5472,2,5,22.450000047683716,N
5473,12,8,31.75,F
5474,2,5,20.199999809265137,N
5475,3,8,32.75,N
5476,2,6,20.65000009536743,F
5477,14,7,26.30000001192093,F
5478,5,5,20.450000047683716,M
5479,3,15,80.7999997138977,N
5480,3,15,60.25000023841858,F
5481,3,12,50.35000002384186,N
5482,19,6,24.75,F
5483,3,9,40.450000047683716,N
5484,3,8,29.299999952316284,N
5485,11,9,38.90000009536743,F
5486,5,8,34.10000002384186,N
5487,2,13,49.64999979734421,N
5488,3,8,33.34999966621399,N
5489,3,10,64.05000007152557,M
5490,3,9,33.59999990463257,M
5491,11,4,20.59999990463257,M
5492,3,10,49.15000009536743,F
5493,6,9,40.75,F
5494,4,12,89.10000002384186,F
5495,5,4,35.55000001192093,M
5496,3,12,67,F
5497,6,6,41.5,M
5498,4,13,64.39999967813492,F
5499,2,11,41.90000009536743,F
5500,2,8,32,F
5501,3,7,26.299999952316284,F
5502,2,13,66.64999985694885,M
5503,8,8,24,N
5504,2,14,72.69999992847443,M
5505,3,9,33.15000033378601,F
5506,6,12,51.55000019073486,F
5507,7,8,44.60000002384186,F
5508,2,6,30.09999990463257,F
5509,2,13,46.80000001192093,N
5510,3,11,49.050000071525574,F
5511,18,8,31.18000030517578,M
5512,2,9,48.15000009536743,F
5513,15,8,30.649999618530273,N
5514,2,5,22.75,M
5515,2,13,66.44999980926514,N
5516,2,8,67.25,N
5517,20,5,22.25,N
5518,3,5,19,F
5519,2,8,27.5,N
5520,12,10,41.94999980926514,F
5521,8,3,13.400000095367432,N
5522,3,8,36.3999999165535,M
5523,13,3,11.600000143051147,N
5524,2,9,40.700000047683716,F
5525,9,8,33.499999821186066,F
5526,3,6,22.5,M
5527,3,12,53.55000001192093,N
5528,3,11,63.69999980926514,N
5529,23,2,6,F
5530,3,10,46.050000071525574,M
5531,18,9,34.75,M
5532,3,10,35.55000019073486,M
5533,6,8,35.59999990463257,N
5534,8,7,27.40000009536743,N
5535,3,14,51.64999997615814,F
5536,3,15,73.25000011920929,M
5537,3,8,35.34999990463257,F
5538,2,11,91.79999995231628,M
5539,4,6,30.65000009536743,N
5540,20,4,24.40000009536743,M
5541,3,3,21.15000009536743,F
5542,2,10,41.230000019073486,N
5543,3,7,31.90000009536743,N
5544,2,11,49.64999985694885,M
5545,2,12,56.40000009536743,F
5546,3,10,35.1499999165535,N
5547,2,9,49.19999980926514,M
5548,2,16,66.04999995231628,F
5549,23,4,16.75,F
5550,2,12,51.80000001192093,N
5551,3,3,10.75,F
5552,17,6,28.75,M
5553,5,10,68,F
5554,2,9,42.25,F
5555,20,6,24,M
5556,2,6,29.5,M
5557,3,9,34.85000002384186,N
5558,26,5,23,M
5559,11,13,49.949999928474426,N
5560,3,5,25.59999990463257,N
5561,2,5,17,F
5562,2,10,42.84999990463257,N
5563,2,17,70.5,N
5564,3,11,54.15000009536743,N
5565,19,6,24.200000047683716,N
5566,2,10,42.5,F
5567,2,7,28.600000023841858,M
5568,6,10,50.5,N
5569,18,2,6.800000011920929,M
5570,3,12,63.25,N
5571,4,10,47.58000028133392,F
5572,10,8,41.09999990463257,F
5573,3,12,48.55000001192093,N
5574,30,2,8.5,F
5575,2,13,50.60000002384186,F
5576,3,11,53,F
5577,3,10,42.55000001192093,N
5578,3,11,48.10000002384186,M
5579,10,6,35.5,F
5580,10,9,46.75,N
5581,3,12,47.09999990463257,N
5582,16,5,38.70000076293945,M
5583,3,15,55.40000003576279,F
5584,19,4,14.75,F
5585,7,9,49.049999952316284,N
5586,5,7,50.75,M
5587,2,7,29.799999952316284,N
5588,9,6,24.300000190734863,F
5589,14,1,6,F
5590,2,9,55.44999980926514,F
5591,2,6,32.6499999165535,F
5592,3,17,74.49999970197678,N
5593,22,3,14.699999809265137,N
5594,3,12,45.05000001192093,F
5595,2,9,45.700000047683716,N
5596,4,8,64.29999995231628,N
5597,2,10,47.75,F
5598,18,15,99.04999989271164,N
5599,19,5,21.049999952316284,F
5600,2,11,52.14999973773956,F
5601,3,7,32.25,M
5602,7,6,25.25,N
5603,7,10,38.60000002384186,F
5604,2,5,23,M
5605,2,9,33.94999980926514,N
5606,14,5,17.28000020980835,F
5607,2,13,61.700000047683716,N
5608,3,10,43.90000009536743,M
5609,7,7,37.65000009536743,F
5610,3,12,67.94999992847443,F
5611,3,14,61.90000021457672,F
5612,5,14,60.55000001192093,F
5613,7,10,43.10000002384186,F
5614,3,3,12.849999904632568,N
5615,3,5,26.899999856948853,M
5616,3,7,26.55000001192093,N
5617,2,8,45.69999980926514,N
5618,2,6,21.15000009536743,M
5619,5,14,67.90000009536743,M
5620,2,12,67.5,N
5621,8,4,15.150000095367432,F
5622,5,4,18.299999952316284,F
5623,2,13,77.23000001907349,M
5624,2,9,38.40000009536743,F
5625,3,12,65.15000015497208,F
5626,3,5,24.25,F
5627,2,17,79.549999833107,F
5628,18,6,23.450000047683716,F
5629,3,8,38.60000002384186,F
5630,2,11,51.5,F
5631,22,6,25.5,N
5632,3,13,82.90000033378601,N
5633,3,7,20.75,F
5634,13,8,39.75,F
5635,2,6,26.5,F
5636,3,12,62.799999713897705,F
5637,8,12,52.64999997615814,F
5638,10,7,26.950000047683716,N
5639,20,4,17.5,F
5640,3,4,13.099999904632568,N
5641,2,11,40.999999821186066,N
5642,9,9,45.200000047683716,F
5643,2,6,25.25,M
5644,2,12,53.59999990463257,F
5645,3,5,30.949999809265137,N
5646,2,11,52.000000059604645,M
5647,3,8,29.75000011920929,N
5648,3,4,21.75,F
5649,4,8,53,M
5650,18,6,25.5,N
5651,3,9,49.44999980926514,F
5652,2,10,98.44999980926514,F
5653,18,7,52.05000019073486,F
5654,2,9,38.35000020265579,N
5655,4,9,46.80000019073486,N
5656,2,11,65.85000002384186,F
5657,3,8,34.549999833106995,M
5658,3,13,53.90000009536743,F
5659,25,2,14.5,F
5660,15,8,37.700000047683716,N
5661,3,9,45.14999961853027,F
5662,2,11,65.94999980926514,F
5663,13,8,30.5,N
5664,20,4,22.899999618530273,F
5665,8,7,28.09999990463257,M
5666,8,6,31,M
5667,2,15,73.5,N
5668,2,1,2.450000047683716,M
5669,3,10,43.700000047683716,N
5670,2,9,43.25,N
5671,2,11,58.550000071525574,F
5672,4,12,52.949999928474426,N
5673,5,16,68.84999978542328,F
5674,2,18,64.65000003576279,N
5675,5,7,25.05000001192093,M
5676,2,7,26.200000047683716,F
5677,10,13,58.85999995470047,N
5678,2,13,76.1499999165535,M
5679,9,4,18.40000009536743,F
5680,3,7,25.75,F
5681,3,8,55.75,M
5682,2,4,17.950000047683716,F
5683,6,8,21.700000047683716,N
5684,2,11,41.6000000834465,F
5685,3,14,52.60000014305115,N
5686,4,5,20.100000023841858,N
5687,6,15,68.85000002384186,F
5688,7,12,82.89999997615814,M
5689,2,8,29.40000009536743,F
5690,5,7,33.25,M
5691,4,8,36.25,F
5692,2,9,31.850000023841858,F
5693,24,4,26,N
5694,6,7,30.09999990463257,N
5695,7,10,41.049999952316284,F
5696,3,10,44.000000059604645,N
5697,3,9,40.000000059604645,F
5698,9,5,26.300000190734863,F
5699,15,9,53.200000047683716,F
5700,6,10,45.59999990463257,F
5701,2,10,34,N
5702,18,11,59.5,M
5703,3,10,39.949999928474426,F
5704,3,23,102.59999966621399,F
5705,2,10,45,N
5706,20,4,15.900000095367432,F
5707,2,8,29.199999570846558,N
5708,9,5,18.19999986886978,N
5709,3,10,38.85000002384186,N
5710,27,2,13,F
5711,3,9,55.5,N
5712,3,9,43.14999985694885,F
5713,3,9,35.699999928474426,F
5714,2,7,24.200000047683716,N
5715,2,8,38.75,F
5716,4,7,39.25,M
5717,5,7,46.5,N
5718,7,6,31.25,F
5719,2,11,54.1499999165535,M
5720,18,10,70.69999992847443,F
5721,9,9,45,M
5722,9,9,45.199999928474426,F
5723,2,5,16.800000071525574,F
5724,2,13,57,F
5725,3,5,18.350000143051147,N
5726,2,8,30.399999856948853,M
5727,3,8,42.25,N
5728,3,12,68.69999980926514,M
5729,3,5,24,N
5730,23,5,22.949999809265137,N
5731,2,10,39.40000009536743,N
5732,2,16,73.84999990463257,F
5733,19,5,19.15000009536743,M
5734,2,10,54.000000059604645,N
5735,2,9,41.5,N
5736,13,6,27.449999809265137,N
5737,2,8,41.450000047683716,F
5738,4,7,33.299999952316284,M
5739,3,14,73.2999997138977,N
5740,2,16,69.45000010728836,F
5741,3,2,12.25,N
5742,3,4,20,F
5743,3,13,53.94999969005585,M
5744,3,13,57.45000010728836,F
5745,2,9,59.75,M
5746,2,13,57.75000011920929,N
5747,2,12,57.44999980926514,M
5748,3,5,20,F
5749,8,4,19.59999990463257,M
5750,8,10,36.85000002384186,F
5751,8,6,33.10000002384186,N
5752,12,12,49.799999952316284,N
5753,2,6,17.75,N
5754,5,14,79.75,N
5755,4,3,17.450000047683716,N
5756,4,11,46.700000047683716,N
5757,4,10,44.25,F
5758,2,12,48.89999985694885,N
5759,5,4,15.050000011920929,N
5760,3,10,44.200000047683716,M
5761,23,10,37.75,M
5762,18,5,25,M
5763,2,8,25.049999952316284,N
5764,2,10,46.39999985694885,M
5765,2,10,94.90000009536743,M
5766,3,7,30.850000023841858,F
5767,3,9,45.75,F
5768,6,11,47.19999986886978,F
5769,2,15,123.75,N
5770,12,8,24.15000021457672,M
5771,7,6,30,M
5772,5,5,41,F
5773,2,5,21.75,N
5774,22,5,15.700000047683716,N
5775,12,5,26.5,M
5776,2,15,92.65000009536743,M
5777,11,14,53.200000047683716,N
5778,6,15,83.299999833107,F
5779,3,7,32.65000009536743,N
5780,2,10,30.44000017642975,M
5781,2,7,30.80000001192093,M
5782,2,12,55.5,F
5783,2,9,46.99999976158142,N
5784,22,1,6,F
5785,2,15,62.299999833106995,N
5786,2,14,68.89999967813492,N
5787,2,10,38.549999713897705,N
5788,21,5,14.050000011920929,N
5789,3,9,53.25,N
5790,4,10,60.199999928474426,F
5791,2,8,53.80000001192093,F
5792,3,7,29.549999952316284,M
5793,3,6,33.8999999165535,N
5794,2,7,28.5,M
5795,2,13,57.1000000834465,F
5796,3,15,58.29999977350235,M
5797,2,8,33.05000019073486,F
5798,9,11,48.40000009536743,M
5799,3,14,55.84999978542328,N
5800,2,6,23.449999809265137,N
5801,8,2,11.900000095367432,M
5802,11,6,33.829999923706055,N
5803,2,7,31.649999856948853,N
5804,6,11,64.10000002384186,F
5805,3,9,36.450000047683716,N
5806,3,15,60.049999833106995,F
5807,8,15,57.249999821186066,F
5808,2,11,57.05000019073486,M
5809,3,7,34,F
5810,7,5,28.399999618530273,F
5811,16,7,30.149999916553497,N
5812,2,5,28.949999809265137,M
5813,20,2,5.5,N
5814,2,5,16.850000023841858,N
5815,3,12,47.75,M
5816,3,6,21.74999976158142,N
5817,2,15,78.84999978542328,F
5818,6,13,64.7099997997284,F
5819,2,5,22,F
5820,14,11,40.90000009536743,N
5821,3,10,43.74999976158142,N
5822,3,7,33.80000001192093,N
5823,2,9,47,M
5824,3,14,73.37999963760376,M
5825,8,11,57.299999833106995,N
5826,5,12,54.59999990463257,F
5827,3,16,103.60000014305115,M
5828,3,6,21.25,N
5829,13,19,78.50000005960464,F
5830,4,10,43.450000047683716,F
5831,10,8,33.5,N
5832,3,13,65.24999982118607,F
5833,2,7,29.5,F
5834,21,5,16.40000009536743,M
5835,3,10,42.5,M
5836,14,4,24,N
5837,2,3,7.5,N
5838,2,5,19.34999990463257,F
5839,21,5,21.30000001192093,M
5840,2,5,24.75,F
5841,17,5,24.700000047683716,M
5842,9,13,74.94999974966049,N
5843,3,7,26.90000009536743,N
5844,8,4,18.75,N
5845,5,9,42.75000011920929,N
5846,3,11,54.69999980926514,M
5847,9,15,68.25,F
5848,3,7,28.15000009536743,N
5849,2,4,23,M
5850,2,9,37.35000014305115,M
5851,3,7,31.90000009536743,N
5852,2,9,56.19999980926514,F
5853,5,8,43.84999990463257,M
5854,3,13,68.69999980926514,N
5855,10,5,26.25,N
5856,2,9,29.600000143051147,N
5857,11,9,35.5,M
5858,4,13,69.09999990463257,N
5859,13,4,15.100000023841858,F
5860,5,10,54.05000001192093,F
5861,3,14,61.35000002384186,M
5862,3,9,49.700000047683716,N
5863,13,7,35,N
5864,2,15,64.88000011444092,F
5865,3,9,37.80000001192093,N
5866,6,9,54.75,M
5867,2,16,77.35000002384186,F
5868,21,6,29.200000047683716,F
5869,5,4,20.5,F
5870,2,8,40.44999980926514,N
5871,2,11,44.60000002384186,N
5872,2,8,42.24999976158142,M
5873,2,7,24,F
5874,14,12,55.90000009536743,N
5875,2,3,19,F
5876,8,10,61,M
5877,4,7,32,F
5878,2,7,33.65000009536743,N
5879,3,19,82.35000020265579,M
5880,2,11,52.549999952316284,M
5881,3,12,64.3999999165535,N
5882,2,8,29.30000001192093,N
5883,2,13,65.0499997138977,N
5884,2,7,42.5,M
5885,2,13,53.05000001192093,N
5886,5,8,48.45000010728836,M
5887,6,9,40.1999996304512,F
5888,2,6,25,N
5889,13,7,24.75,N
5890,13,7,23.55000001192093,F
5891,3,6,35.15000009536743,M
5892,18,6,24.15000009536743,N
5893,26,6,25.59999990463257,M
5894,6,9,40.799999952316284,M
5895,2,11,52.799999713897705,F
5896,2,11,47.60000038146973,N
5897,4,4,19.5,F
5898,2,6,24.90000009536743,F
5899,3,11,56.19999980926514,M
5900,2,14,64.79999995231628,F
5901,3,12,52.19999980926514,F
5902,2,9,33.34999990463257,M
5903,4,5,18.40000009536743,N
5904,2,10,45.75,F
5905,21,4,19.700000047683716,F
5906,2,19,84.05000001192093,M
5907,23,7,26.25,N
5908,3,10,56.5,M
5909,3,8,40.65000009536743,F
5910,7,6,31.40000009536743,N
5911,3,9,48.14999985694885,F
5912,7,14,62.10000002384186,F
5913,2,6,25.050000190734863,N
5914,18,7,29.80000001192093,N
5915,3,13,59.00000011920929,F
5916,2,10,66.59999990463257,F
5917,3,14,62.25000023841858,M
5918,2,7,29.90000009536743,F
5919,4,13,56.99999976158142,N
5920,4,10,46.44999980926514,F
5921,2,6,24,N
5922,6,9,37.30000001192093,M
5923,12,12,47.5,F
5924,3,11,41.84999990463257,N
5925,2,11,47.45000010728836,F
5926,3,9,44.450000047683716,M
5927,3,7,45.5,N
5928,7,18,81.04000008106232,N
5929,6,14,63.60000014305115,F
5930,2,7,33.84999990463257,F
5931,2,11,45.450000047683716,N
5932,3,10,45.75,F
5933,3,12,68.24999982118607,M
5934,2,9,52.75,F
5935,3,13,38.55000001192093,N
5936,6,3,12.450000047683716,M
5938,3,6,29.65000009536743,N
5939,4,5,20.15000009536743,F
5940,3,7,36.799999952316284,M
5941,6,12,44.8500000834465,N
5942,18,6,32.75,N
5943,2,5,27.700000047683716,F
5944,3,15,79.84999918937683,F
5945,2,4,20.40000009536743,F
8000,6,5,22,M
8001,4,12,57.5,N
8002,2,18,71.85000002384186,N
8003,5,20,117.1499999165535,F
8004,8,8,37.499999821186066,M
8005,8,10,42.299999952316284,F
8006,8,16,98.05000019073486,F
8007,4,15,61.75,M
8008,6,17,62.35000002384186,F
8009,2,28,107.40000003576279,N
8010,4,14,69.15000009536743,M
8011,4,19,75.55000001192093,F
8012,2,7,21.5,F
8013,3,21,90.14999973773956,F
8014,3,12,65.65000009536743,N
8015,8,13,59.200000047683716,F
8016,6,13,48.80000019073486,N
8017,7,13,74.39999985694885,N
8018,8,11,46.24999976158142,M
8019,5,25,116.94999992847443,F
8020,4,10,59.75,F
8021,8,14,65.89999985694885,F
8022,10,21,98.59999972581863,M
8023,2,12,56.24999976158142,M
8024,2,13,59.5,N
8025,5,25,102.05000007152557,F
8026,2,11,46.049999475479126,M
8027,3,12,51.799999952316284,N
8028,4,7,31.100000143051147,N
8029,2,13,59.200000047683716,M
8030,2,15,65.59999990463257,F
8031,6,12,45.75,M
8032,3,15,84.5,M
8033,5,19,96.50000011920929,N
8034,4,19,63.000000178813934,M
8035,20,13,57.450000047683716,N
8036,2,28,119.49999964237213,N
8037,9,19,84.14999985694885,F
8038,18,5,16.5,M
8039,2,20,97.5,M
8040,12,12,49.3499995470047,M
8041,2,23,95.90000009536743,F
8042,2,21,108.20000004768372,M
8043,2,20,88.84999966621399,F
8044,3,14,68.25,M
8045,8,17,77.10000002384186,M
8046,6,9,49.5,F
8047,5,6,24.40000009536743,F
8048,2,20,159.94999980926514,N
8049,9,14,66.25,N
8050,5,15,80.34999984502792,F
8051,2,9,31.500000059604645,M
8052,2,16,73.79999977350235,N
8053,12,13,50.59999990463257,M
8054,4,19,77.75000005960464,M
8055,4,12,37.14999997615814,F
8056,4,18,87.42999964952469,F
8057,4,16,58.90000009536743,M
8058,2,18,80.8999999165535,N
8059,3,27,101.99999952316284,M
8060,3,17,74.94999957084656,F
8061,7,18,76.34999978542328,M
8062,19,13,55.549999952316284,F
8063,8,10,39.09999990463257,F
8064,7,16,77.0499997138977,M
8065,5,10,34.90000009536743,M
8066,9,23,84.79999995231628,F
8067,5,12,46.5,M
8068,9,12,56.950000166893005,N
8069,6,20,91.34999972581863,F
8070,8,16,66.75,M
8071,12,26,120.00000005960464,F
8072,2,26,108.55000013113022,F
8073,8,15,64.75000011920929,M
8074,14,15,73.24999952316284,N
8075,5,14,73.59999990463257,F
8076,6,16,72.25000005960464,M
8077,2,13,60.25,F
8078,4,12,52.699999928474426,M
8079,5,18,90.84999990463257,M
8080,3,22,105.75000005960464,F
8081,3,16,69.74999976158142,F
8082,2,13,50.90000009536743,M
8083,7,12,50.55000025033951,F
8084,13,4,14.099999904632568,M
8085,12,11,41.199999928474426,N
8086,3,20,83.84999924898148,M
8087,17,12,51.75,F
8088,2,14,54.449999928474426,M
8089,3,11,44.250000059604645,N
8090,4,11,41.40000003576279,F
8091,4,13,56.499999821186066,F
8092,2,16,70.75000005960464,F
8093,5,13,48.599999845027924,M
8094,8,13,52.10000002384186,N
8095,7,6,23.049999952316284,F
8096,4,22,90.99999964237213,N
8097,2,14,57,F
8098,5,13,51.200000047683716,F
8099,3,19,129.34999990463257,F
8100,4,15,66.49999952316284,F
8101,2,27,119.14999973773956,F
8102,6,13,47.19999980926514,F
8103,22,6,23.199999809265137,M
8104,6,15,70.29999995231628,N
8105,4,14,67.85000014305115,M
8106,6,17,111.90000009536743,F
8107,2,12,52.799999713897705,N
8108,8,11,41.249999821186066,M
8109,5,21,114.45000076293945,M
8110,3,13,56.59999966621399,M
8111,3,15,63.65000009536743,M
8112,2,10,39.200000047683716,N
8113,5,20,84.29999995231628,M
8114,4,16,86.94999980926514,F
8115,8,9,38.69999980926514,F
8116,4,7,25.75,F
8117,5,15,58.39999967813492,F
8118,3,28,128.94999980926514,M
8119,8,11,47,F
8120,2,11,44.999999821186066,F
8121,2,20,87.99999982118607,M
8122,6,12,78,F
8123,7,9,35.6499999165535,F
8124,4,17,111.25,F
8125,11,11,56.299999952316284,F
8126,4,9,38.90000009536743,M
8127,6,9,38.299999952316284,M
8128,2,23,75.10000002384186,N
8129,5,16,78.44999980926514,F
8130,12,12,60.69999980926514,M
8131,4,18,86.84999990463257,M
8132,5,10,32.800000071525574,M
8133,7,12,47.8999999165535,F
8134,7,17,84.55000007152557,F
8135,6,11,46.800000071525574,F
8136,6,11,54,F
8137,7,12,48.950000047683716,M
8138,6,22,142.60000002384186,N
8139,7,16,69.45000004768372,M
8140,5,15,66.64999985694885,M
8141,4,11,68.2999997138977,N
8142,5,17,84.44999980926514,F
8143,9,10,51.75,N
8144,7,24,165.6500000357628,F
8145,5,20,81.05000013113022,M
8146,3,22,94.85000002384186,N
8147,3,25,123.90000063180923,N
8148,2,18,81.49999994039536,F
8149,3,11,43.549999952316284,N
8150,4,13,75.05000007152557,F
8151,5,13,48.950000047683716,M
8152,3,21,100.49999994039536,F
8153,2,9,38.84999990463257,F
8154,4,18,89.00000005960464,N
8155,2,10,57.299999713897705,F
8156,7,12,65.799999833107,N
8157,4,22,103.59999996423721,M
8158,3,28,109.90000003576279,F
8159,2,20,98.34999966621399,F
8160,3,13,51.950000047683716,N
8161,2,21,91.55000001192093,N
8162,8,13,45.25,M
8163,3,12,59.90000009536743,N
8164,3,20,90.80000019073486,M
8165,4,20,87.29999995231628,F
8166,3,17,66.950000166893,M
8167,2,23,98.39999943971634,M
8168,22,6,32.80000001192093,M
8169,7,19,85.25,F
8170,5,14,65.40000003576279,F
8171,7,8,34.85000002384186,F
8172,3,15,63.5,F
8173,10,20,103.59999984502792,F
8174,2,15,63.75,F
8175,2,10,78.35000085830688,F
8176,2,17,79.80000019073486,M
8177,6,19,81.20000004768372,M
8178,3,14,59.10000014305115,F
8179,2,17,71.59999996423721,M
8180,3,23,97.10000014305115,M
8181,5,14,61.999999940395355,N
8182,6,16,71.54999995231628,M
8183,3,15,59.90000021457672,F
8184,3,17,73.24999988079071,M
8185,2,21,102.00000011920929,N
8186,12,16,67.75,M
8187,3,15,66.09999966621399,F
8188,6,17,82.84999972581863,F
8189,9,15,77.89999985694885,F
8190,6,16,75.15000009536743,F
8191,3,19,92.69999980926514,M
8192,2,19,117.89999973773956,M
8193,3,14,58.5,M
8194,3,8,37.09999990463257,F
8195,2,19,72.00000023841858,M
8196,2,23,87.99999988079071,N
8197,4,16,88.34999990463257,M
8198,13,3,18,M
8199,11,10,45.40000021457672,N
8200,6,17,69.59999990463257,F
8201,2,16,79.49999988079071,M
8202,5,13,62.750000298023224,M
8203,10,5,21.600000023841858,N
8204,5,9,45.95000010728836,N
8205,2,13,57.200000047683716,F
8206,11,20,95.04999989271164,F
8207,3,9,42.299999952316284,M
8208,4,20,84.19999992847443,N
8209,7,12,62.89999961853027,F
8210,15,18,76.25000011920929,M
8211,6,13,55.15000009536743,M
8212,4,16,77.34999990463257,M
8213,4,17,81.89999985694885,M
8214,9,16,62.94999980926514,F
8215,6,10,38,M
8216,2,11,41.299999952316284,F
8217,8,13,61.550000071525574,M
8218,5,20,76.84999996423721,F
8219,5,19,73.05000001192093,F
8220,2,22,79.15000003576279,F
8221,4,16,67.09999990463257,F
8222,5,20,84.75000005960464,F
8223,4,15,79.90000009536743,M
8224,7,19,84.34999990463257,M
8225,4,22,111.6499999165535,F
8226,4,23,108.70000004768372,M
8227,4,15,110.34999990463257,M
8228,2,20,80.65000009536743,M
8229,3,17,85.94999980926514,N
8230,6,12,54.19999980926514,N
8231,2,13,73.59999990463257,N
8232,4,8,31.09999990463257,M
8233,3,8,32.5,N
8234,7,11,59.75,N
8235,7,8,53.25,F
8236,6,17,74.15000009536743,M
8237,7,8,40.299999952316284,F
8238,5,8,31.09999990463257,M
8239,2,11,49.84999990463257,N
8240,8,10,38.69999980926514,F
8241,7,18,75.55000007152557,F
8242,5,23,103.59999996423721,M
8243,5,13,59.60000002384186,F
8244,5,14,57.30000019073486,M
8245,2,19,102.7999997138977,N
8246,6,14,53.74999988079071,F
8247,9,12,59.34999990463257,F
8248,6,15,82.299999833107,N
8249,2,16,68.29999977350235,F
8250,4,13,59.80000001192093,M
8251,3,26,102.00000011920929,F
8252,7,24,103.59999960660934,M
8253,5,9,35.5,M
8254,3,17,81.95000010728836,F
8255,5,19,88.50000005960464,N
8256,6,20,95.04999953508377,M
8257,3,16,92.14999997615814,M
8258,6,13,67.54999995231628,M
8259,17,15,67.20000010728836,F
8260,2,23,89.94999992847443,M
8261,4,20,87.34999966621399,M
8262,2,19,99.54999995231628,M
8263,3,16,71.55000001192093,F
8264,3,13,55.65000003576279,F
8265,4,13,54.35000002384186,F
8266,4,20,92.80000001192093,M
8267,4,17,124.84999966621399,M
8268,2,16,76.55000007152557,F
8269,3,20,91.54999995231628,F
8270,5,10,43.25,M
8271,5,15,76.39999973773956,M
8272,2,22,97.30000001192093,N
8273,9,11,51.5,F
8274,3,13,59,F
8275,5,14,68.1499993801117,F
8276,4,14,75.799999833107,N
8277,4,9,40.34999990463257,F
8278,3,17,69.84999990463257,M
8279,5,20,99.09999990463257,N
8280,2,14,73.99999982118607,N
8281,2,20,82.65000009536743,F
8282,3,22,107.39999997615814,N
8283,2,12,75.90000057220459,M
8284,10,12,42.95000010728836,M
8285,2,31,164.04999977350235,N
8286,7,13,74.25,N
8287,7,10,51.34999990463257,M
8288,2,14,71.5,M
8289,3,18,120.5,M
8290,5,13,71.75,M
8291,6,14,62.450000047683716,F
8292,5,13,55.299999713897705,M
8293,5,5,20.25,M
8294,4,14,69.84999990463257,F
8295,5,12,64.6000006198883,F
8296,9,17,75.59999990463257,M
8297,2,25,136.15000009536743,F
8298,3,10,63,F
8299,11,8,34.60000002384186,F
8300,3,17,86.55000019073486,F
8301,2,19,108.35000002384186,M
8302,2,7,26,F
8303,9,14,55.19999986886978,M
8304,16,11,57.25,F
8305,2,12,52.5,M
8306,5,16,69.19999986886978,N
8307,5,18,80.14999985694885,F
8308,2,7,27.5,M
8309,2,10,42.59999990463257,M
8310,5,19,117.64999985694885,M
8311,2,24,459.75,F
8312,2,15,69.39999985694885,M
8313,6,16,70.80000019073486,N
8314,4,14,57.59999990463257,N
8315,5,10,39.10000002384186,M
8316,5,14,103,F
8317,3,10,52.25,F
8318,2,21,77.8999999165535,M
8319,2,17,88.02999985218048,M
8320,6,12,46.250000059604645,N
8321,3,15,62.90000009536743,F
8322,2,26,107.04999989271164,F
8323,11,18,103.79999947547913,F
8324,3,16,67.55000001192093,F
8325,25,8,35.25,F
8326,3,13,49.84999990463257,N
8327,6,21,90.2999997138977,F
8328,3,16,73.59999990463257,F
8329,6,13,59.799999952316284,F
8330,6,13,49.799999952316284,M
8331,5,10,45.450000047683716,M
8332,3,8,27.25,M
8333,2,12,57.19999980926514,M
8334,7,16,69.09999990463257,M
8335,4,17,98.40000009536743,M
8336,2,20,75.20000004768372,N
8337,5,13,46.950000047683716,F
8338,2,14,66.34999990463257,F
8339,6,15,76.34999990463257,N
8340,2,17,82.89999985694885,N
8341,4,29,155.30000054836273,M
8342,3,13,54.799999713897705,M
8343,7,11,47.85000014305115,N
8344,2,19,75.29999995231628,N
8345,3,23,103.549999833107,F
8346,3,18,79.64999973773956,F
8347,13,18,88.90000009536743,F
8348,2,20,89.99999958276749,M
8349,7,20,83.3999999165535,F
8350,6,14,68.19999969005585,M
8351,6,19,101.65000003576279,F
8352,4,17,66.64999985694885,M
8353,3,20,105.05000048875809,N
8354,6,6,26.09999990463257,F
8355,8,13,67.95000004768372,M
8356,11,12,54.15000009536743,M
8357,4,16,59.3999999165535,M
8358,4,11,45.15000009536743,F
8359,2,18,82.5,F
8360,6,15,55.80000001192093,F
8361,9,18,80.69999992847443,F
8362,3,10,54.000000059604645,M
8363,4,14,67.79999995231628,F
8364,8,26,124.69999980926514,M
8365,2,19,130.34999990463257,M
8366,2,10,44.59999990463257,F
8367,6,11,51.09999990463257,M
8368,7,19,93.44999992847443,F
8369,8,16,69.19999986886978,F
8370,9,24,106.69999992847443,F
8371,2,12,50.799999952316284,F
8372,4,13,59.549999952316284,M
8373,3,21,94.34999990463257,M
8374,3,16,66.94999980926514,M
8375,3,27,125.59999996423721,N
8376,2,13,58.800000071525574,F
8377,13,18,74.99999952316284,N
8378,5,21,84.30000007152557,M
8379,2,16,76.67999970912933,N
8380,3,15,65.44999980926514,F
8381,5,17,77.700000166893,N
8382,3,24,115.69999980926514,F
8383,5,17,73.89999997615814,F
8384,2,27,129.599999666214,F
8385,2,14,66.35000002384186,F
8386,3,21,101.19999980926514,M
8387,2,15,61.39999961853027,M
8388,3,15,76.04999995231628,N
8389,4,14,58.450000047683716,N
8390,14,15,62.200000047683716,N
8391,4,8,42.049999833106995,N
8392,5,15,70.09999990463257,F
8393,2,14,61.199999928474426,F
8394,3,15,81.44999980926514,M
8395,3,27,114.70000004768372,N
8396,6,20,85.80000001192093,F
8397,3,24,115.59999990463257,F
8398,8,8,32.40000009536743,F
8399,2,14,54.64999967813492,M
8400,4,17,62,F
8401,2,13,45.950000047683716,M
8402,12,7,33.34999990463257,F
8403,2,16,72.79999995231628,M
8404,8,13,57.25,F
8405,8,13,62.84999978542328,F
8406,7,20,93.35000002384186,M
8407,3,16,72.69999980926514,F
8408,4,11,54.59999990463257,F
8409,13,13,54.25,F
8410,2,25,141.85000002384186,F
8411,4,19,91.49999976158142,F
8412,2,16,69.99999976158142,M
8413,4,18,80.84999990463257,N
8414,10,20,96.44999992847443,F
8415,8,16,60.599999845027924,M
8416,18,8,36.20000010728836,F
8417,3,17,74.65000009536743,M
8418,7,13,69,M
8419,2,14,65.60000002384186,M
8420,2,16,82.69999980926514,M
8421,3,9,31.84999990463257,M
8422,5,12,69,F
8423,5,22,105.55000007152557,N
8424,5,15,58.10000002384186,M
8425,6,14,75.8000009059906,N
8426,9,11,40.950000047683716,F
8427,8,18,73.25,M
8428,4,23,104.80000013113022,M
8429,2,18,75.0499997138977,M
8430,2,13,61.89999985694885,M
8431,2,10,46.25,M
8432,7,12,44.99999976158142,N
8433,13,8,36.69999980926514,F
8434,3,13,58.94999980926514,F
8435,8,15,71.64999985694885,F
8436,7,16,72.65000009536743,F
8437,4,17,66.05000013113022,F
8438,6,17,82.50000029802322,F
8439,2,13,54.25,M
8440,2,22,91.12999999523163,F
8441,2,20,94.74999988079071,F
8442,4,13,42.25,M
8443,4,17,86.55000019073486,F
8444,4,16,84.84999990463257,M
8445,4,17,83.59999972581863,N
8446,4,27,123.89999961853027,M
8447,3,16,69.64999973773956,M
8448,8,14,49.15000009536743,N
8449,4,11,46.15000009536743,F
8450,2,16,66.50000005960464,F
8451,6,15,57.950000047683716,N
8452,8,11,46.549999952316284,F
8453,7,18,94.45000004768372,F
8454,8,10,40.5,F
8455,4,17,71.24999976158142,N
8456,4,10,46.5,M
8457,2,17,73.09999996423721,F
8458,6,15,76.14999961853027,F
8459,6,19,126.75000083446503,F
8460,2,13,66.99999952316284,N
8461,4,21,83.29999989271164,M
8462,3,14,66.09999990463257,M
8463,2,19,85.09999996423721,F
8464,7,10,46.69999980926514,M
8465,3,13,51.75,N
8466,5,15,58.14999973773956,F
8467,3,11,52.79999923706055,M
8468,6,10,44.35000002384186,F
8469,2,14,66.75,M
8470,2,13,66.74999976158142,F
8471,14,15,54.70000010728836,N
8472,4,24,102.20000010728836,M
8473,14,8,29.25,F
8474,8,8,34.34999990463257,F
8475,7,17,67.29999965429306,F
8476,7,14,53.99999988079071,M
8477,7,16,62.90000009536743,M
8478,4,14,67.5,F
8479,8,13,55.40000009536743,F
8480,8,17,76.15000009536743,M
8481,2,20,90.40000021457672,N
8482,8,16,67.35000014305115,F
8483,3,20,88.79999989271164,M
8484,8,10,47.550000071525574,N
8485,3,16,70.19999980926514,F
8486,2,18,75.85000020265579,N
8487,4,20,83.09999978542328,M
8488,7,16,74.20000004768372,F
8489,2,16,82.89999961853027,F
8490,9,12,57.5,F
8491,3,11,59.89999961853027,F
8492,3,21,81.8999999165535,M
8493,4,16,66.59999990463257,M
8494,5,18,106.60000002384186,F
8495,5,17,80.45000004768372,M
8496,2,14,66.75,F
8497,6,12,66.00000023841858,F
8498,4,9,39.75,N
8499,2,12,58.099999725818634,F
8500,5,21,90.85000014305115,N
8501,3,6,28.75,F
